{
  "regime": "Bull",
  "n_samples": 2161,
  "positive_rate": 0.08884775566867191,
  "metrics": {
    "accuracy": 0.89494910615003,
    "precision": 0.35486723421506033,
    "recall": 0.23900134952766527,
    "f1": 0.28423692885912927
  },
  "lookahead": 3,
  "threshold": 0.003,
  "n_features": 37
}