{
  "regime": "Sideways",
  "n_samples": 13223,
  "positive_rate": 0.02972094078499584,
  "metrics": {
    "accuracy": 0.9299703147834094,
    "precision": 0.1506149318124684,
    "recall": 0.292794547224927,
    "f1": 0.19860423473403932
  },
  "lookahead": 3,
  "threshold": 0.003,
  "n_features": 37
}