{
  "regime": "Bear",
  "n_samples": 1846,
  "positive_rate": 0.08017334777898158,
  "metrics": {
    "accuracy": 0.9111565223760346,
    "precision": 0.42092731829573937,
    "recall": 0.27747126436781605,
    "f1": 0.33279729501863636
  },
  "lookahead": 3,
  "threshold": 0.003,
  "n_features": 37
}