start_idx,end_idx,regime,return,bh_return,difference,num_trades,win_rate,sharpe,max_dd
0,1440,Sideways,3.6483949162665343,0.3648068250567308,3.2835880912098037,12,66.66666666666666,4.642995291851785,3.066848910265722
1440,2880,Bear,1.9511698458212414,-3.323354476274905,5.274524322096147,8,62.5,8.882341743358818,0.6667692227805819
2880,4320,Sideways,2.695370383693571,-1.5544949402798636,4.2498653239734345,16,62.5,2.561244248862701,3.3131087292598886
4320,5760,Sideways,2.814730376620155,-1.13918286891537,3.9539132455355253,11,63.63636363636363,6.947579010448367,1.0693508239938951
5760,7200,Sideways,2.4245678710956056,-0.2468966758001054,2.671464546895711,6,83.33333333333334,18.88585622562165,0.1525282952032644
7200,8640,Bull,3.157062751415306,4.2478489915768005,-1.0907862401614947,6,100.0,42.315514275820505,0.0
8640,10080,Bear,1.9704538339954523,-2.607160149394776,4.577613983390228,2,100.0,73.5831036929266,0.0
10080,11520,Sideways,-0.6351601350644706,-0.768954750460211,0.13379461539574045,8,50.0,-0.9530648038347049,2.0986391280691565
11520,12960,Bull,8.53016492655992,10.147365783822472,-1.617200857262553,9,88.88888888888889,24.418827413944765,0.10613403131468721
