scenario,cost_pct,description,total_costs,total_net_pnl,total_return_pct,monthly_return_pct,final_capital
Optimistic,0.01,"Best case (maker only, no slippage)",271.3966173545249,5043.450928106133,50.434509281061324,25.655815590800763,15043.450928106133
Current Assumption,0.02,Current backtest assumption,542.7932347090498,4772.054310751608,47.72054310751608,24.275232798171224,14772.054310751608
Maker Fee,0.04,BingX maker fee (0.04%),1085.5864694180996,4229.261076042558,42.292610760425575,21.514067212912142,14229.261076042558
Taker Fee,0.05,BingX taker fee (0.05%),1356.9830867726246,3957.864458688033,39.57864458688033,20.133484420282603,13957.864458688033
Low Slippage,0.08,Taker + minor slippage,2171.172938836199,3143.674606624458,31.43674606624458,15.991736042393985,13143.674606624458
Medium Slippage,0.1,Taker + moderate slippage,2713.966173545249,2600.881371915408,26.008813719154084,13.230570457134904,12600.881371915408
High Slippage,0.15,Taker + high slippage,4070.9492603178733,1243.898285142784,12.438982851427841,6.327656493987207,11243.898285142785
Worst Case,0.2,Extreme slippage scenario,5427.932347090498,-113.08480162984074,-1.1308480162984074,-0.5752574691604941,9886.91519837016
