config,gate_threshold,avg_return,avg_trades,avg_long,avg_short,win_rate,blocked_pct
Gate 0.10% (lenient),0.001,1.7600463953240462,4.96,4.96,0.0,67.77833277833277,0
Gate 0.15% (recommended),0.0015,1.7600463953240462,4.96,4.96,0.0,67.77833277833277,0
Gate 0.20% (moderate),0.002,1.7600463953240462,4.96,4.96,0.0,67.77833277833277,0
Gate 0.25% (strict),0.0025,1.7600463953240462,4.96,4.96,0.0,67.77833277833277,0
